label,studies,theme or group,sub-theme
Foreign aid,48,Aid and donor politics,Aid flows and programmes
Official Development Assistance (ODA),22,Aid and donor politics,Aid flows and programmes
Aid,21,Aid and donor politics,Aid flows and programmes
aid policy,12,Aid and donor politics,Aid flows and programmes
foreign aid delivery,9,Aid and donor politics,Aid flows and programmes
development aid programmes,8,Aid and donor politics,Aid flows and programmes
aid allocation,7,Aid and donor politics,Aid flows and programmes
Development assistance,6,Aid and donor politics,Aid flows and programmes
Energy aid,3,Aid and donor politics,Aid flows and programmes
ODA for fisheries,3,Aid and donor politics,Aid flows and programmes
Australasian development programmes,2,Aid and donor politics,Aid flows and programmes
development finance,2,Aid and donor politics,Aid flows and programmes
Pacific development programmes,2,Aid and donor politics,Aid flows and programmes
aid spending,1,Aid and donor politics,Aid flows and programmes
development aid for agricultural sector,1,Aid and donor politics,Aid flows and programmes
foreign development programmes,1,Aid and donor politics,Aid flows and programmes
global aid regime,1,Aid and donor politics,Aid flows and programmes
global development finance,1,Aid and donor politics,Aid flows and programmes
health aid,1,Aid and donor politics,Aid flows and programmes
impacts of reduction of aid funding,1,Aid and donor politics,Aid flows and programmes
income smoothing via foreign aid,1,Aid and donor politics,Aid flows and programmes
indirect effects of aid programme,1,Aid and donor politics,Aid flows and programmes
Regional Assistance Mission to Solomon Islands ( RAMSI),1,Aid and donor politics,Aid flows and programmes
regional development assistance programmes,1,Aid and donor politics,Aid flows and programmes
training programmes,1,Aid and donor politics,Aid flows and programmes
University of the West Indies,1,Aid and donor politics,Aid flows and programmes
university partnerships,1,Aid and donor politics,Aid flows and programmes
Women in Development aid-funded credit schemes,1,Aid and donor politics,Aid flows and programmes
aid effectiveness,12,Aid and donor politics,"Aid effectiveness, delivery and critique"
Aid relationships,2,Aid and donor politics,"Aid effectiveness, delivery and critique"
community development,2,Aid and donor politics,"Aid effectiveness, delivery and critique"
Role of development aid agencies,2,Aid and donor politics,"Aid effectiveness, delivery and critique"
accountability and engagement,1,Aid and donor politics,"Aid effectiveness, delivery and critique"
aid paradigm shift,1,Aid and donor politics,"Aid effectiveness, delivery and critique"
aid partnership with churches,1,Aid and donor politics,"Aid effectiveness, delivery and critique"
civil society organization (CSO),1,Aid and donor politics,"Aid effectiveness, delivery and critique"
community-driven development (CDD),1,Aid and donor politics,"Aid effectiveness, delivery and critique"
conspicuous sustainability,1,Aid and donor politics,"Aid effectiveness, delivery and critique"
development branding,1,Aid and donor politics,"Aid effectiveness, delivery and critique"
equity,1,Aid and donor politics,"Aid effectiveness, delivery and critique"
fixing the global aid industry,1,Aid and donor politics,"Aid effectiveness, delivery and critique"
globalising development,1,Aid and donor politics,"Aid effectiveness, delivery and critique"
increasing demands from donors for consultation,1,Aid and donor politics,"Aid effectiveness, delivery and critique"
insufficient community input,1,Aid and donor politics,"Aid effectiveness, delivery and critique"
limited support for strengthening local human and institutional capacities,1,Aid and donor politics,"Aid effectiveness, delivery and critique"
Macro-economic impact of aid,1,Aid and donor politics,"Aid effectiveness, delivery and critique"
market based community level development.,1,Aid and donor politics,"Aid effectiveness, delivery and critique"
neo-liberal orthodoxy,1,Aid and donor politics,"Aid effectiveness, delivery and critique"
neo-liberal policies of aid,1,Aid and donor politics,"Aid effectiveness, delivery and critique"
nonprofit GiveDirectly,1,Aid and donor politics,"Aid effectiveness, delivery and critique"
ostentatious development,1,Aid and donor politics,"Aid effectiveness, delivery and critique"
Paris Declaration on Aid Effectiveness,1,Aid and donor politics,"Aid effectiveness, delivery and critique"
participatory activities,1,Aid and donor politics,"Aid effectiveness, delivery and critique"
randomized controlled trials (RCTs),1,Aid and donor politics,"Aid effectiveness, delivery and critique"
Relationship between aid workers and local workers,1,Aid and donor politics,"Aid effectiveness, delivery and critique"
securitisation of aid policy,1,Aid and donor politics,"Aid effectiveness, delivery and critique"
standard for testing foreign aid interventions,1,Aid and donor politics,"Aid effectiveness, delivery and critique"
trust in public aid,1,Aid and donor politics,"Aid effectiveness, delivery and critique"
vulnerability assessment for aid,1,Aid and donor politics,"Aid effectiveness, delivery and critique"
development,13,Aid and donor politics,"Donors, geopolitics and foreign policy"
Aid as a foreign policy tool,10,Aid and donor politics,"Donors, geopolitics and foreign policy"
Donor interest,9,Aid and donor politics,"Donors, geopolitics and foreign policy"
Geopolitics,9,Aid and donor politics,"Donors, geopolitics and foreign policy"
sustainable development,9,Aid and donor politics,"Donors, geopolitics and foreign policy"
AusAID,8,Aid and donor politics,"Donors, geopolitics and foreign policy"
donor strategies,7,Aid and donor politics,"Donors, geopolitics and foreign policy"
Geopolitical power,7,Aid and donor politics,"Donors, geopolitics and foreign policy"
Chinese aid,5,Aid and donor politics,"Donors, geopolitics and foreign policy"
donor-recipient relationship,5,Aid and donor politics,"Donors, geopolitics and foreign policy"
japan foreign aid,5,Aid and donor politics,"Donors, geopolitics and foreign policy"
African-Caribbean-Pacific (ACP) group,4,Aid and donor politics,"Donors, geopolitics and foreign policy"
Development Assistance Committee (DAC),4,Aid and donor politics,"Donors, geopolitics and foreign policy"
donor priority,4,Aid and donor politics,"Donors, geopolitics and foreign policy"
Korea International Cooperation Agency,4,Aid and donor politics,"Donors, geopolitics and foreign policy"
donor competition,3,Aid and donor politics,"Donors, geopolitics and foreign policy"
USAID,3,Aid and donor politics,"Donors, geopolitics and foreign policy"
ACP-EU relations,2,Aid and donor politics,"Donors, geopolitics and foreign policy"
Asian Development Bank (ADB),2,Aid and donor politics,"Donors, geopolitics and foreign policy"
EU aid,2,Aid and donor politics,"Donors, geopolitics and foreign policy"
Organisation of Economic Cooperation and Development (OECD),2,Aid and donor politics,"Donors, geopolitics and foreign policy"
2050 Strategy for the Blue Pacific,1,Aid and donor politics,"Donors, geopolitics and foreign policy"
Antigua and Barbuda Agenda for SIDS,1,Aid and donor politics,"Donors, geopolitics and foreign policy"
Arab league,1,Aid and donor politics,"Donors, geopolitics and foreign policy"
Canadian International Development Agency (CIDA),1,Aid and donor politics,"Donors, geopolitics and foreign policy"
Chequebook diplomacy,1,Aid and donor politics,"Donors, geopolitics and foreign policy"
Comoros green revolution,1,Aid and donor politics,"Donors, geopolitics and foreign policy"
Cotonou Partnership Agreement,1,Aid and donor politics,"Donors, geopolitics and foreign policy"
donor officials,1,Aid and donor politics,"Donors, geopolitics and foreign policy"
foreign aid and the soft power of sport,1,Aid and donor politics,"Donors, geopolitics and foreign policy"
france aid,1,Aid and donor politics,"Donors, geopolitics and foreign policy"
Geopolitical changes,1,Aid and donor politics,"Donors, geopolitics and foreign policy"
germany aid,1,Aid and donor politics,"Donors, geopolitics and foreign policy"
human security,1,Aid and donor politics,"Donors, geopolitics and foreign policy"
Indo-Pacific Economic Framework for Prosperity (IPEF),1,Aid and donor politics,"Donors, geopolitics and foreign policy"
Islamic aid,1,Aid and donor politics,"Donors, geopolitics and foreign policy"
Islamic alternative to Western multilateral development cooperation,1,Aid and donor politics,"Donors, geopolitics and foreign policy"
Isolationist and militarisation policies,1,Aid and donor politics,"Donors, geopolitics and foreign policy"
Korea Institute of Ocean Science and Technology,1,Aid and donor politics,"Donors, geopolitics and foreign policy"
Look North Policy,1,Aid and donor politics,"Donors, geopolitics and foreign policy"
multilateral development banks,1,Aid and donor politics,"Donors, geopolitics and foreign policy"
Organisation for Islamic Cooperation (OIC),1,Aid and donor politics,"Donors, geopolitics and foreign policy"
Sino-Fiji cooperation,1,Aid and donor politics,"Donors, geopolitics and foreign policy"
South-south and triangular cooperations,1,Aid and donor politics,"Donors, geopolitics and foreign policy"
strategic instrument of deterrence,1,Aid and donor politics,"Donors, geopolitics and foreign policy"
Trump,1,Aid and donor politics,"Donors, geopolitics and foreign policy"
UK foreign aid,1,Aid and donor politics,"Donors, geopolitics and foreign policy"
United Nations (UN),1,Aid and donor politics,"Donors, geopolitics and foreign policy"
world bank,1,Aid and donor politics,"Donors, geopolitics and foreign policy"
Aid-dependence,13,Aid and donor politics,"Aid dependence, sovereignty and self-reliance"
Aid-dependent economies,9,Aid and donor politics,"Aid dependence, sovereignty and self-reliance"
alternative development strategies,8,Aid and donor politics,"Aid dependence, sovereignty and self-reliance"
Self-reliance,7,Aid and donor politics,"Aid dependence, sovereignty and self-reliance"
alternative development policies,4,Aid and donor politics,"Aid dependence, sovereignty and self-reliance"
MIRAB,3,Aid and donor politics,"Aid dependence, sovereignty and self-reliance"
recipeint perspectives on aid,2,Aid and donor politics,"Aid dependence, sovereignty and self-reliance"
"TOURAB states (aid, tourism and bureaucracy dependent)",2,Aid and donor politics,"Aid dependence, sovereignty and self-reliance"
Advantages of political dependence,1,Aid and donor politics,"Aid dependence, sovereignty and self-reliance"
autonomy,1,Aid and donor politics,"Aid dependence, sovereignty and self-reliance"
external hinterland,1,Aid and donor politics,"Aid dependence, sovereignty and self-reliance"
free association,1,Aid and donor politics,"Aid dependence, sovereignty and self-reliance"
impact of aid on self-reliance,1,Aid and donor politics,"Aid dependence, sovereignty and self-reliance"
inverse sovereignty effect,1,Aid and donor politics,"Aid dependence, sovereignty and self-reliance"
localisation against dependence,1,Aid and donor politics,"Aid dependence, sovereignty and self-reliance"
ownership of development by recipient agencies,1,Aid and donor politics,"Aid dependence, sovereignty and self-reliance"
Political dependence,1,Aid and donor politics,"Aid dependence, sovereignty and self-reliance"
procedural and jurisdictional powers,1,Aid and donor politics,"Aid dependence, sovereignty and self-reliance"
proximity,1,Aid and donor politics,"Aid dependence, sovereignty and self-reliance"
sustained growth because of foreign aid,1,Aid and donor politics,"Aid dependence, sovereignty and self-reliance"
Remittance,110,Remittances and diaspora,"Remittance flows, motives and behaviour"
Altruism,6,Remittances and diaspora,"Remittance flows, motives and behaviour"
remitting behaviour,6,Remittances and diaspora,"Remittance flows, motives and behaviour"
remittance economies,3,Remittances and diaspora,"Remittance flows, motives and behaviour"
altruistic remittance,2,Remittances and diaspora,"Remittance flows, motives and behaviour"
development impact of remittances,2,Remittances and diaspora,"Remittance flows, motives and behaviour"
Permanent income hypothesis,2,Remittances and diaspora,"Remittance flows, motives and behaviour"
shift from an agricultural-based economy to an economy based on remittances,2,Remittances and diaspora,"Remittance flows, motives and behaviour"
Allotment,1,Remittances and diaspora,"Remittance flows, motives and behaviour"
altruism data from the World Giving Index,1,Remittances and diaspora,"Remittance flows, motives and behaviour"
Bidirectional remittances,1,Remittances and diaspora,"Remittance flows, motives and behaviour"
dynamic heterogeneous impact of Remittances,1,Remittances and diaspora,"Remittance flows, motives and behaviour"
effects of remittances in emerging market economies,1,Remittances and diaspora,"Remittance flows, motives and behaviour"
financial transfers,1,Remittances and diaspora,"Remittance flows, motives and behaviour"
impacts of financial crisis on remittance inflows,1,Remittances and diaspora,"Remittance flows, motives and behaviour"
impacts of remittance on diaspora savings and bons,1,Remittances and diaspora,"Remittance flows, motives and behaviour"
International Day of Family Remittances (IDFR),1,Remittances and diaspora,"Remittance flows, motives and behaviour"
relationship between crude oil price and remittance inflows,1,Remittances and diaspora,"Remittance flows, motives and behaviour"
remittance and trust,1,Remittances and diaspora,"Remittance flows, motives and behaviour"
remittance fatigue,1,Remittances and diaspora,"Remittance flows, motives and behaviour"
Reverse flows,1,Remittances and diaspora,"Remittance flows, motives and behaviour"
unrecorded inflows of remittances,1,Remittances and diaspora,"Remittance flows, motives and behaviour"
migrant households,9,Remittances and diaspora,Diaspora and transnational ties
Diaspora,4,Remittances and diaspora,Diaspora and transnational ties
Migrant's perspectives,2,Remittances and diaspora,Diaspora and transnational ties
altruistic diaspora,1,Remittances and diaspora,Diaspora and transnational ties
random selection of emigrants,1,Remittances and diaspora,Diaspora and transnational ties
transnational migrant,1,Remittances and diaspora,Diaspora and transnational ties
financial inclusion,2,Remittances and diaspora,"Transfer channels, costs and financial access"
money transfer organisations (MTOs),2,Remittances and diaspora,"Transfer channels, costs and financial access"
bank de-risking,1,Remittances and diaspora,"Transfer channels, costs and financial access"
cost-elasticity of remittances,1,Remittances and diaspora,"Transfer channels, costs and financial access"
digital financial instruments,1,Remittances and diaspora,"Transfer channels, costs and financial access"
High transfer fees,1,Remittances and diaspora,"Transfer channels, costs and financial access"
Islamic banking,1,Remittances and diaspora,"Transfer channels, costs and financial access"
Islamisation of microfinance,1,Remittances and diaspora,"Transfer channels, costs and financial access"
limited access to financial institutions,1,Remittances and diaspora,"Transfer channels, costs and financial access"
lower cost of sending money,1,Remittances and diaspora,"Transfer channels, costs and financial access"
microfinance institutions (MFIs),1,Remittances and diaspora,"Transfer channels, costs and financial access"
microfinance institutions (MFIs) in the remittance market,1,Remittances and diaspora,"Transfer channels, costs and financial access"
reduced transaction cost of remittances,1,Remittances and diaspora,"Transfer channels, costs and financial access"
remittance channel infrastructure,1,Remittances and diaspora,"Transfer channels, costs and financial access"
remittance transfers,1,Remittances and diaspora,"Transfer channels, costs and financial access"
rise of mobile money,1,Remittances and diaspora,"Transfer channels, costs and financial access"
safe interest-earning savings instruments,1,Remittances and diaspora,"Transfer channels, costs and financial access"
secure remittance delivery,1,Remittances and diaspora,"Transfer channels, costs and financial access"
Labour migration,18,Migration and labour mobility,Migration and mobility schemes
Migration,18,Migration and labour mobility,Migration and mobility schemes
Labour mobility,4,Migration and labour mobility,Migration and mobility schemes
Australia Seasonal Worker Programme,2,Migration and labour mobility,Migration and mobility schemes
Circular labour migration,2,Migration and labour mobility,Migration and mobility schemes
return migration,2,Migration and labour mobility,Migration and mobility schemes
Argonaut strategy,1,Migration and labour mobility,Migration and mobility schemes
Australia's Seasonal Worker Programme (SWP),1,Migration and labour mobility,Migration and mobility schemes
Canada Seasonal Agricultural Worker Program,1,Migration and labour mobility,Migration and mobility schemes
education and migration,1,Migration and labour mobility,Migration and mobility schemes
Inter-Pacific Islands migration (IPIM),1,Migration and labour mobility,Migration and mobility schemes
low-skilled migration,1,Migration and labour mobility,Migration and mobility schemes
migration and development,1,Migration and labour mobility,Migration and mobility schemes
Mobility,1,Migration and labour mobility,Migration and mobility schemes
Pacific Access Category (PAC),1,Migration and labour mobility,Migration and mobility schemes
Pacific Australia Labour Mobility (PALM) scheme,1,Migration and labour mobility,Migration and mobility schemes
pacific island seasonal workers,1,Migration and labour mobility,Migration and mobility schemes
Pacific Labour Scheme,1,Migration and labour mobility,Migration and mobility schemes
Pacific Seasonal Worker Pilot Scheme,1,Migration and labour mobility,Migration and mobility schemes
Temporary farm labour migration schemes,1,Migration and labour mobility,Migration and mobility schemes
brain drain,8,Migration and labour mobility,"Brain drain, skills and knowledge"
Skill drain,5,Migration and labour mobility,"Brain drain, skills and knowledge"
Highly skilled migrant workers,3,Migration and labour mobility,"Brain drain, skills and knowledge"
remittance and brain drain,3,Migration and labour mobility,"Brain drain, skills and knowledge"
knowledge transfer,2,Migration and labour mobility,"Brain drain, skills and knowledge"
specialised labour force,2,Migration and labour mobility,"Brain drain, skills and knowledge"
Carrington and Detragiache (2004) brain drain literature,1,Migration and labour mobility,"Brain drain, skills and knowledge"
Docquier and Marfouk (2004) - brain drain literature,1,Migration and labour mobility,"Brain drain, skills and knowledge"
health workers,1,Migration and labour mobility,"Brain drain, skills and knowledge"
Transfer of skills,1,Migration and labour mobility,"Brain drain, skills and knowledge"
labour shortages,7,Migration and labour mobility,Labour markets and labour supply
Agricultural labour shortages,5,Migration and labour mobility,Labour markets and labour supply
impact of remittances on labour market outcomes,3,Migration and labour mobility,Labour markets and labour supply
Labour market,3,Migration and labour mobility,Labour markets and labour supply
labour supply,3,Migration and labour mobility,Labour markets and labour supply
labour participation behaviour,2,Migration and labour mobility,Labour markets and labour supply
women labour supply,2,Migration and labour mobility,Labour markets and labour supply
FDI and ODA on labour productivity,1,Migration and labour mobility,Labour markets and labour supply
household labour supply,1,Migration and labour mobility,Labour markets and labour supply
impact of aging on migrant worker supply,1,Migration and labour mobility,Labour markets and labour supply
labour force participation,1,Migration and labour mobility,Labour markets and labour supply
participation decision,1,Migration and labour mobility,Labour markets and labour supply
relationship between remittances and aggregate labor supply,1,Migration and labour mobility,Labour markets and labour supply
"remittances, economic volatility and household labour supply",1,Migration and labour mobility,Labour markets and labour supply
Unemployment,1,Migration and labour mobility,Labour markets and labour supply
unskilled labour,1,Migration and labour mobility,Labour markets and labour supply
migration policy,6,Migration and labour mobility,Migration policy and drivers
trade and migration policies,2,Migration and labour mobility,Migration policy and drivers
Global welfare impact of migration,1,Migration and labour mobility,Migration policy and drivers
migrant-sending countries,1,Migration and labour mobility,Migration policy and drivers
Migration economics,1,Migration and labour mobility,Migration policy and drivers
migration policies,1,Migration and labour mobility,Migration policy and drivers
migration policy interaction with aid,1,Migration and labour mobility,Migration policy and drivers
relationship between remittances and migration intentions,1,Migration and labour mobility,Migration policy and drivers
Restrictive migration policies,1,Migration and labour mobility,Migration policy and drivers
Special and Differential Treatment,1,Migration and labour mobility,Migration policy and drivers
Livelihood outcome,14,Livelihoods and wellbeing,Livelihood strategies and household economy
Livelihood studies,11,Livelihoods and wellbeing,Livelihood strategies and household economy
Household income,8,Livelihoods and wellbeing,Livelihood strategies and household economy
household consumption,7,Livelihoods and wellbeing,Livelihood strategies and household economy
Household needs,7,Livelihoods and wellbeing,Livelihood strategies and household economy
remittance use on consumption rather than investment,7,Livelihoods and wellbeing,Livelihood strategies and household economy
remittance and consumption,5,Livelihoods and wellbeing,Livelihood strategies and household economy
Household survival strategy,3,Livelihoods and wellbeing,Livelihood strategies and household economy
causality between remittances and household income or consumption,2,Livelihoods and wellbeing,Livelihood strategies and household economy
income smoothing via remittances,2,Livelihoods and wellbeing,Livelihood strategies and household economy
livelihood challenges,2,Livelihoods and wellbeing,Livelihood strategies and household economy
livelihood indicators,2,Livelihoods and wellbeing,Livelihood strategies and household economy
resilient livelihoods,2,Livelihoods and wellbeing,Livelihood strategies and household economy
alcohol,1,Livelihoods and wellbeing,Livelihood strategies and household economy
consumption smoothing,1,Livelihoods and wellbeing,Livelihood strategies and household economy
donations,1,Livelihoods and wellbeing,Livelihood strategies and household economy
effects of foreign aid and remittances on income smoothing,1,Livelihoods and wellbeing,Livelihood strategies and household economy
gambling,1,Livelihoods and wellbeing,Livelihood strategies and household economy
home production,1,Livelihoods and wellbeing,Livelihood strategies and household economy
household income diversification,1,Livelihoods and wellbeing,Livelihood strategies and household economy
household strategies,1,Livelihoods and wellbeing,Livelihood strategies and household economy
income smoothing,1,Livelihoods and wellbeing,Livelihood strategies and household economy
informal insurance from remittance,1,Livelihoods and wellbeing,Livelihood strategies and household economy
link between worker's remittances and fertility,1,Livelihoods and wellbeing,Livelihood strategies and household economy
low-income households,1,Livelihoods and wellbeing,Livelihood strategies and household economy
luxury expenditures,1,Livelihoods and wellbeing,Livelihood strategies and household economy
moral hazard concerns,1,Livelihoods and wellbeing,Livelihood strategies and household economy
remittance as social insurance mechanism,1,Livelihoods and wellbeing,Livelihood strategies and household economy
remittance as substitute income,1,Livelihoods and wellbeing,Livelihood strategies and household economy
remittance on consumption purposes rather than productivity improving spending,1,Livelihoods and wellbeing,Livelihood strategies and household economy
resilient island livelihoods,1,Livelihoods and wellbeing,Livelihood strategies and household economy
risk coping strategies,1,Livelihoods and wellbeing,Livelihood strategies and household economy
Sustainable livelihood approach (SLA),1,Livelihoods and wellbeing,Livelihood strategies and household economy
welfare gain from risk sharing,1,Livelihoods and wellbeing,Livelihood strategies and household economy
Food security,16,Livelihoods and wellbeing,Food security and food systems
Remittance-food security dynamics,6,Livelihoods and wellbeing,Food security and food systems
imported food,4,Livelihoods and wellbeing,Food security and food systems
Domestic agriculture,3,Livelihoods and wellbeing,Food security and food systems
Food,3,Livelihoods and wellbeing,Food security and food systems
food systems,3,Livelihoods and wellbeing,Food security and food systems
imported food dependency,3,Livelihoods and wellbeing,Food security and food systems
migration-food security nexus,3,Livelihoods and wellbeing,Food security and food systems
food sovereignty,2,Livelihoods and wellbeing,Food security and food systems
import-depedent,2,Livelihoods and wellbeing,Food security and food systems
Pacific food systems,2,Livelihoods and wellbeing,Food security and food systems
local perception on food security,1,Livelihoods and wellbeing,Food security and food systems
"production, processing and storage challenges",1,Livelihoods and wellbeing,Food security and food systems
sustainable food security,1,Livelihoods and wellbeing,Food security and food systems
Education,16,Livelihoods and wellbeing,Health and education
health,11,Livelihoods and wellbeing,Health and education
human capital,6,Livelihoods and wellbeing,Health and education
Child health,2,Livelihoods and wellbeing,Health and education
education and development,2,Livelihoods and wellbeing,Health and education
Non-communicable diseases,2,Livelihoods and wellbeing,Health and education
Distance education,1,Livelihoods and wellbeing,Health and education
early childhood development,1,Livelihoods and wellbeing,Health and education
human capital investments,1,Livelihoods and wellbeing,Health and education
human resource development,1,Livelihoods and wellbeing,Health and education
impact of remittances on educational outcomes,1,Livelihoods and wellbeing,Health and education
remittance and health,1,Livelihoods and wellbeing,Health and education
remittances have on government expenditures on human capital,1,Livelihoods and wellbeing,Health and education
telemedicine,1,Livelihoods and wellbeing,Health and education
Welfare,10,Livelihoods and wellbeing,"Wellbeing, welfare and social protection"
wellbeing,8,Livelihoods and wellbeing,"Wellbeing, welfare and social protection"
Recipient welfare,3,Livelihoods and wellbeing,"Wellbeing, welfare and social protection"
remittance and welfare development,3,Livelihoods and wellbeing,"Wellbeing, welfare and social protection"
collective wellbeing,2,Livelihoods and wellbeing,"Wellbeing, welfare and social protection"
community wellbeing,2,Livelihoods and wellbeing,"Wellbeing, welfare and social protection"
Institutionalised social welfare system,2,Livelihoods and wellbeing,"Wellbeing, welfare and social protection"
consumer welfare,1,Livelihoods and wellbeing,"Wellbeing, welfare and social protection"
informal social protection,1,Livelihoods and wellbeing,"Wellbeing, welfare and social protection"
Lived experience,1,Livelihoods and wellbeing,"Wellbeing, welfare and social protection"
living standards,1,Livelihoods and wellbeing,"Wellbeing, welfare and social protection"
material well-being,1,Livelihoods and wellbeing,"Wellbeing, welfare and social protection"
outsourcing welfare,1,Livelihoods and wellbeing,"Wellbeing, welfare and social protection"
Perceived needs,1,Livelihoods and wellbeing,"Wellbeing, welfare and social protection"
Social policy,1,Livelihoods and wellbeing,"Wellbeing, welfare and social protection"
Social protection,1,Livelihoods and wellbeing,"Wellbeing, welfare and social protection"
Subjective assessment,1,Livelihoods and wellbeing,"Wellbeing, welfare and social protection"
Subjective well-being,1,Livelihoods and wellbeing,"Wellbeing, welfare and social protection"
transnational safety net,1,Livelihoods and wellbeing,"Wellbeing, welfare and social protection"
Poverty alleviation,11,Livelihoods and wellbeing,Poverty and inequality
poverty reduction,10,Livelihoods and wellbeing,Poverty and inequality
remittances on poverty and inequality,8,Livelihoods and wellbeing,Poverty and inequality
relationship of remittance on poverty reduction,6,Livelihoods and wellbeing,Poverty and inequality
Income distribution,4,Livelihoods and wellbeing,Poverty and inequality
measures of poverty,3,Livelihoods and wellbeing,Poverty and inequality
measures of inequality,2,Livelihoods and wellbeing,Poverty and inequality
income to measure poverty,1,Livelihoods and wellbeing,Poverty and inequality
Poverty Reduction Strategy Papers (PRSPs),1,Livelihoods and wellbeing,Poverty and inequality
Socioeconomic inequality,1,Livelihoods and wellbeing,Poverty and inequality
urban poverty,1,Livelihoods and wellbeing,Poverty and inequality
Economic growth,20,"Economy, growth and finance",Growth and macroeconomy
Macro-economics,7,"Economy, growth and finance",Growth and macroeconomy
Dutch Disease,4,"Economy, growth and finance",Growth and macroeconomy
debt sustainability,3,"Economy, growth and finance",Growth and macroeconomy
economic adjustment to globalisation,3,"Economy, growth and finance",Growth and macroeconomy
External economic shocks.,3,"Economy, growth and finance",Growth and macroeconomy
Globalisation,3,"Economy, growth and finance",Growth and macroeconomy
macroeconomic indices failing to recognise local meaures of development,3,"Economy, growth and finance",Growth and macroeconomy
oil price,3,"Economy, growth and finance",Growth and macroeconomy
relationship of remittance on GDP growth,3,"Economy, growth and finance",Growth and macroeconomy
economic development,2,"Economy, growth and finance",Growth and macroeconomy
exchange rate,2,"Economy, growth and finance",Growth and macroeconomy
global financial crisis,2,"Economy, growth and finance",Growth and macroeconomy
income growth,2,"Economy, growth and finance",Growth and macroeconomy
link between remittances and economic volatility,2,"Economy, growth and finance",Growth and macroeconomy
socio-economic development,2,"Economy, growth and finance",Growth and macroeconomy
austerity,1,"Economy, growth and finance",Growth and macroeconomy
capital formation,1,"Economy, growth and finance",Growth and macroeconomy
changes per capita GDP,1,"Economy, growth and finance",Growth and macroeconomy
current account sustainability,1,"Economy, growth and finance",Growth and macroeconomy
development potential,1,"Economy, growth and finance",Growth and macroeconomy
domestic demand (spending),1,"Economy, growth and finance",Growth and macroeconomy
domestic informal sector,1,"Economy, growth and finance",Growth and macroeconomy
economic austerity,1,"Economy, growth and finance",Growth and macroeconomy
Economic complexity,1,"Economy, growth and finance",Growth and macroeconomy
economic crowding,1,"Economy, growth and finance",Growth and macroeconomy
Economic diversification strategies,1,"Economy, growth and finance",Growth and macroeconomy
economic openness,1,"Economy, growth and finance",Growth and macroeconomy
Economic Partnership Agreements (EPA),1,"Economy, growth and finance",Growth and macroeconomy
economic volatility,1,"Economy, growth and finance",Growth and macroeconomy
Effects of remittances on growth of GDP per capita,1,"Economy, growth and finance",Growth and macroeconomy
Feldstein-Horioka puzzle,1,"Economy, growth and finance",Growth and macroeconomy
Government debt,1,"Economy, growth and finance",Growth and macroeconomy
government expenditures,1,"Economy, growth and finance",Growth and macroeconomy
impact of workers' remittances on sovereign ratings,1,"Economy, growth and finance",Growth and macroeconomy
inclusive growth,1,"Economy, growth and finance",Growth and macroeconomy
informal economy,1,"Economy, growth and finance",Growth and macroeconomy
Integration in global economy,1,"Economy, growth and finance",Growth and macroeconomy
island income,1,"Economy, growth and finance",Growth and macroeconomy
limited resources,1,"Economy, growth and finance",Growth and macroeconomy
net import (absorption),1,"Economy, growth and finance",Growth and macroeconomy
Productive capital,1,"Economy, growth and finance",Growth and macroeconomy
real exchange rate,1,"Economy, growth and finance",Growth and macroeconomy
relationship of remittance inflows with various macro-economic indicators,1,"Economy, growth and finance",Growth and macroeconomy
relationship of remittance on trade deficit,1,"Economy, growth and finance",Growth and macroeconomy
remittance growth nexus,1,"Economy, growth and finance",Growth and macroeconomy
remittance positively correlate with macroeconomic performance and stability,1,"Economy, growth and finance",Growth and macroeconomy
socioeconomic development,1,"Economy, growth and finance",Growth and macroeconomy
Solow framework within modern growth paradigm,1,"Economy, growth and finance",Growth and macroeconomy
sovereign ratings,1,"Economy, growth and finance",Growth and macroeconomy
structural weakness,1,"Economy, growth and finance",Growth and macroeconomy
sustainability index,1,"Economy, growth and finance",Growth and macroeconomy
trade deficit,1,"Economy, growth and finance",Growth and macroeconomy
volatile markets,1,"Economy, growth and finance",Growth and macroeconomy
wealth creation,1,"Economy, growth and finance",Growth and macroeconomy
Foreign Direct Investment (FDI),12,"Economy, growth and finance",Trade and investment
trade,5,"Economy, growth and finance",Trade and investment
Volatility of remittances and FDI,3,"Economy, growth and finance",Trade and investment
Chinese trade,2,"Economy, growth and finance",Trade and investment
international trade,2,"Economy, growth and finance",Trade and investment
investment,2,"Economy, growth and finance",Trade and investment
investment flows,2,"Economy, growth and finance",Trade and investment
ACP-EU trade ties,1,"Economy, growth and finance",Trade and investment
capital mobility,1,"Economy, growth and finance",Trade and investment
economic and cultural impacts of foreign investment,1,"Economy, growth and finance",Trade and investment
export growth,1,"Economy, growth and finance",Trade and investment
human capital primary determinant of FDI inflow,1,"Economy, growth and finance",Trade and investment
impact of trade and migration policies on natural resource use,1,"Economy, growth and finance",Trade and investment
informal international trade,1,"Economy, growth and finance",Trade and investment
interrelation between trade and development,1,"Economy, growth and finance",Trade and investment
intraregional trade,1,"Economy, growth and finance",Trade and investment
investment of remittance,1,"Economy, growth and finance",Trade and investment
loan aid-capital investment,1,"Economy, growth and finance",Trade and investment
promoting private investment from remittance for economic growth,1,"Economy, growth and finance",Trade and investment
relationship between remittance and private investment,1,"Economy, growth and finance",Trade and investment
Ricardian trade theory,1,"Economy, growth and finance",Trade and investment
theory of comparative advantage,1,"Economy, growth and finance",Trade and investment
Trade agreements,1,"Economy, growth and finance",Trade and investment
trade flows,1,"Economy, growth and finance",Trade and investment
Trade openness,1,"Economy, growth and finance",Trade and investment
trade preferences,1,"Economy, growth and finance",Trade and investment
Remittances and financial development,7,"Economy, growth and finance",Finance and financial development
financial development,4,"Economy, growth and finance",Finance and financial development
development finance for SIDS energy sector,2,"Economy, growth and finance",Finance and financial development
Sovereign wealth funds (SWF),2,"Economy, growth and finance",Finance and financial development
external finance,1,"Economy, growth and finance",Finance and financial development
impacts of remittances on financial instability,1,"Economy, growth and finance",Finance and financial development
Public-private partnerships (PPP),1,"Economy, growth and finance",Finance and financial development
urban heritage and culture as a strategic thread for debt repayment and economic empowerment through PPP,1,"Economy, growth and finance",Finance and financial development
Entrepreneurial activity,10,"Economy, growth and finance",Entrepreneurship and private sector
Entrepreneurship,10,"Economy, growth and finance",Entrepreneurship and private sector
Information and Communication Technologies for Development (ICT4D),3,"Economy, growth and finance",Entrepreneurship and private sector
private sector development (PSD),3,"Economy, growth and finance",Entrepreneurship and private sector
competitiveness,2,"Economy, growth and finance",Entrepreneurship and private sector
manufacturing,2,"Economy, growth and finance",Entrepreneurship and private sector
Remittance to create new firms,2,"Economy, growth and finance",Entrepreneurship and private sector
small island enterprise,2,"Economy, growth and finance",Entrepreneurship and private sector
technologically progressive,2,"Economy, growth and finance",Entrepreneurship and private sector
Technology,2,"Economy, growth and finance",Entrepreneurship and private sector
agribusiness,1,"Economy, growth and finance",Entrepreneurship and private sector
diasporic entrepreneurship,1,"Economy, growth and finance",Entrepreneurship and private sector
electronic gaming,1,"Economy, growth and finance",Entrepreneurship and private sector
European Union PSD discourse,1,"Economy, growth and finance",Entrepreneurship and private sector
firm ownership,1,"Economy, growth and finance",Entrepreneurship and private sector
higher-level internet domain names,1,"Economy, growth and finance",Entrepreneurship and private sector
institutional innovations,1,"Economy, growth and finance",Entrepreneurship and private sector
Mentorship,1,"Economy, growth and finance",Entrepreneurship and private sector
micro-enterprise,1,"Economy, growth and finance",Entrepreneurship and private sector
Pacific Business Mentoring Programme,1,"Economy, growth and finance",Entrepreneurship and private sector
promoting development through business competitiveness,1,"Economy, growth and finance",Entrepreneurship and private sector
PSD as donor strategies,1,"Economy, growth and finance",Entrepreneurship and private sector
Remote working,1,"Economy, growth and finance",Entrepreneurship and private sector
self-employment,1,"Economy, growth and finance",Entrepreneurship and private sector
self-help,1,"Economy, growth and finance",Entrepreneurship and private sector
service sector,1,"Economy, growth and finance",Entrepreneurship and private sector
women entrepreneurs,1,"Economy, growth and finance",Entrepreneurship and private sector
Tourism,11,"Economy, growth and finance",Tourism
foreign aid and tourism,1,"Economy, growth and finance",Tourism
hotel investments,1,"Economy, growth and finance",Tourism
NGOs using tourism as a development tool for poverty reduction,1,"Economy, growth and finance",Tourism
tourism-foreign aid nexus,1,"Economy, growth and finance",Tourism
renewable energy,6,"Economy, growth and finance","Agriculture, fisheries and energy"
interplay of aid and energy policy,3,"Economy, growth and finance","Agriculture, fisheries and energy"
Natural resources,3,"Economy, growth and finance","Agriculture, fisheries and energy"
rural development,3,"Economy, growth and finance","Agriculture, fisheries and energy"
Climate change adaptation grants for fisheries,2,"Economy, growth and finance","Agriculture, fisheries and energy"
Energy,2,"Economy, growth and finance","Agriculture, fisheries and energy"
impact of remittances on energy consumption,2,"Economy, growth and finance","Agriculture, fisheries and energy"
impact of remittances on rural development,2,"Economy, growth and finance","Agriculture, fisheries and energy"
renewable energy consumption (REC),2,"Economy, growth and finance","Agriculture, fisheries and energy"
agricultural production,1,"Economy, growth and finance","Agriculture, fisheries and energy"
Electricity consumption,1,"Economy, growth and finance","Agriculture, fisheries and energy"
farm investment,1,"Economy, growth and finance","Agriculture, fisheries and energy"
fisheries sector,1,"Economy, growth and finance","Agriculture, fisheries and energy"
horticulture,1,"Economy, growth and finance","Agriculture, fisheries and energy"
impact of foreign aid on agricultural growth,1,"Economy, growth and finance","Agriculture, fisheries and energy"
impact of out-migration on local perceptions of agricultural and residential land,1,"Economy, growth and finance","Agriculture, fisheries and energy"
imported fuels,1,"Economy, growth and finance","Agriculture, fisheries and energy"
mangroves,1,"Economy, growth and finance","Agriculture, fisheries and energy"
ocean economy,1,"Economy, growth and finance","Agriculture, fisheries and energy"
small-scale farming,1,"Economy, growth and finance","Agriculture, fisheries and energy"
Aid for climate change,15,"Climate change, disasters and resilience",Climate adaptation and climate finance
Climate change adaptation,12,"Climate change, disasters and resilience",Climate adaptation and climate finance
effect of aid on capacity to adapt to climate change,7,"Climate change, disasters and resilience",Climate adaptation and climate finance
Climate change,6,"Climate change, disasters and resilience",Climate adaptation and climate finance
climate finance,6,"Climate change, disasters and resilience",Climate adaptation and climate finance
Adaptation aid,4,"Climate change, disasters and resilience",Climate adaptation and climate finance
remittances for adaptation to climate change,3,"Climate change, disasters and resilience",Climate adaptation and climate finance
adaptation finance,2,"Climate change, disasters and resilience",Climate adaptation and climate finance
what separates adaptation aid from standard development aid,2,"Climate change, disasters and resilience",Climate adaptation and climate finance
adaptation development aid,1,"Climate change, disasters and resilience",Climate adaptation and climate finance
Adaptation policy response,1,"Climate change, disasters and resilience",Climate adaptation and climate finance
aid-funded climate mobility initiatives,1,"Climate change, disasters and resilience",Climate adaptation and climate finance
climate change mitigation,1,"Climate change, disasters and resilience",Climate adaptation and climate finance
climate finance affecting corruption in developing countries,1,"Climate change, disasters and resilience",Climate adaptation and climate finance
climate risk management,1,"Climate change, disasters and resilience",Climate adaptation and climate finance
maladaptation,1,"Climate change, disasters and resilience",Climate adaptation and climate finance
perceptions and awareness,1,"Climate change, disasters and resilience",Climate adaptation and climate finance
politically motivated assumptions about what counts as adaptation,1,"Climate change, disasters and resilience",Climate adaptation and climate finance
trade-offs,1,"Climate change, disasters and resilience",Climate adaptation and climate finance
Covid-19,10,"Climate change, disasters and resilience","Disasters, risk and recovery"
Remittances as reactive mechanism in disaster times,5,"Climate change, disasters and resilience","Disasters, risk and recovery"
disaster risk reduction,4,"Climate change, disasters and resilience","Disasters, risk and recovery"
foreign aid and disasters,4,"Climate change, disasters and resilience","Disasters, risk and recovery"
Remittances for disaster risk management,4,"Climate change, disasters and resilience","Disasters, risk and recovery"
role of remittances in households' response to disasters,4,"Climate change, disasters and resilience","Disasters, risk and recovery"
Disaster and post-disaster recovery,3,"Climate change, disasters and resilience","Disasters, risk and recovery"
Disaster Risk Management,3,"Climate change, disasters and resilience","Disasters, risk and recovery"
post-disaster recovery,3,"Climate change, disasters and resilience","Disasters, risk and recovery"
disaster studies,2,"Climate change, disasters and resilience","Disasters, risk and recovery"
impact of aid on disaster preparedness,2,"Climate change, disasters and resilience","Disasters, risk and recovery"
impact of aid on disaster resilience,2,"Climate change, disasters and resilience","Disasters, risk and recovery"
Caribbean Catastrophe Risk Insurance Facility,1,"Climate change, disasters and resilience","Disasters, risk and recovery"
natural shocks,1,"Climate change, disasters and resilience","Disasters, risk and recovery"
Pacific Catastrophe Risk Assessment and Financing Initiative (PCRAFI),1,"Climate change, disasters and resilience","Disasters, risk and recovery"
perception of disaster risk,1,"Climate change, disasters and resilience","Disasters, risk and recovery"
political economy model for disaster prevention,1,"Climate change, disasters and resilience","Disasters, risk and recovery"
sovereign risk pools,1,"Climate change, disasters and resilience","Disasters, risk and recovery"
World Bank catastrophe bond issue,1,"Climate change, disasters and resilience","Disasters, risk and recovery"
Vulnerability,17,"Climate change, disasters and resilience",Vulnerability and resilience
Resilience,10,"Climate change, disasters and resilience",Vulnerability and resilience
climate resilience,7,"Climate change, disasters and resilience",Vulnerability and resilience
economic vulnerability,5,"Climate change, disasters and resilience",Vulnerability and resilience
role of ODA in improving resilience of coastal communities,4,"Climate change, disasters and resilience",Vulnerability and resilience
climate change resilience,3,"Climate change, disasters and resilience",Vulnerability and resilience
remittance resilience,3,"Climate change, disasters and resilience",Vulnerability and resilience
economic resilience,2,"Climate change, disasters and resilience",Vulnerability and resilience
Resilience characteristics,2,"Climate change, disasters and resilience",Vulnerability and resilience
community resilience,1,"Climate change, disasters and resilience",Vulnerability and resilience
economic vulnerability index (EVI),1,"Climate change, disasters and resilience",Vulnerability and resilience
migration and vulnerability,1,"Climate change, disasters and resilience",Vulnerability and resilience
regional resilience,1,"Climate change, disasters and resilience",Vulnerability and resilience
resilient infrastructure,1,"Climate change, disasters and resilience",Vulnerability and resilience
socio-economic vulnerability,1,"Climate change, disasters and resilience",Vulnerability and resilience
spatial heterogeneity of vulnerability,1,"Climate change, disasters and resilience",Vulnerability and resilience
structural economic vulnerability,1,"Climate change, disasters and resilience",Vulnerability and resilience
vulnerability index,1,"Climate change, disasters and resilience",Vulnerability and resilience
vulnerability index in terms of adaptation and mitigation policies,1,"Climate change, disasters and resilience",Vulnerability and resilience
climate change migration,2,"Climate change, disasters and resilience",Climate mobility
Refugee of climate change,2,"Climate change, disasters and resilience",Climate mobility
climate mobility,1,"Climate change, disasters and resilience",Climate mobility
climate-related migration,1,"Climate change, disasters and resilience",Climate mobility
Moral economy,3,"Culture, society and agency","Kinship, reciprocity and custom"
Reciprocity,3,"Culture, society and agency","Kinship, reciprocity and custom"
hybrid economic systems,2,"Culture, society and agency","Kinship, reciprocity and custom"
Social norms,2,"Culture, society and agency","Kinship, reciprocity and custom"
talanoa,2,"Culture, society and agency","Kinship, reciprocity and custom"
traditional sharing and exchange relationships,2,"Culture, society and agency","Kinship, reciprocity and custom"
Adaptive cultural practices,1,"Culture, society and agency","Kinship, reciprocity and custom"
barrel children,1,"Culture, society and agency","Kinship, reciprocity and custom"
children,1,"Culture, society and agency","Kinship, reciprocity and custom"
church-based (fakasiasi) money collecting system,1,"Culture, society and agency","Kinship, reciprocity and custom"
cultural obligation (fatongia),1,"Culture, society and agency","Kinship, reciprocity and custom"
cultural obligations,1,"Culture, society and agency","Kinship, reciprocity and custom"
cultural resources,1,"Culture, society and agency","Kinship, reciprocity and custom"
culturally specific means for socio-economic reproduction,1,"Culture, society and agency","Kinship, reciprocity and custom"
fakalakalaka,1,"Culture, society and agency","Kinship, reciprocity and custom"
Family relations,1,"Culture, society and agency","Kinship, reciprocity and custom"
fatongia,1,"Culture, society and agency","Kinship, reciprocity and custom"
indigenous global economic systems,1,"Culture, society and agency","Kinship, reciprocity and custom"
Kinship,1,"Culture, society and agency","Kinship, reciprocity and custom"
money collecting systems,1,"Culture, society and agency","Kinship, reciprocity and custom"
mutual aid societies,1,"Culture, society and agency","Kinship, reciprocity and custom"
residential area -based (fakafonua) money collecting system,1,"Culture, society and agency","Kinship, reciprocity and custom"
Rural-urban kinship connections,1,"Culture, society and agency","Kinship, reciprocity and custom"
Social relationships,1,"Culture, society and agency","Kinship, reciprocity and custom"
Traditional cultures,1,"Culture, society and agency","Kinship, reciprocity and custom"
Church,2,"Culture, society and agency","Church, religion and spirituality"
Church-led participatory approaches,2,"Culture, society and agency","Church, religion and spirituality"
spirituality,2,"Culture, society and agency","Church, religion and spirituality"
religion and development,1,"Culture, society and agency","Church, religion and spirituality"
gender dimension,4,"Culture, society and agency",Gender and social relations
Gender inequality,1,"Culture, society and agency",Gender and social relations
economic self-determination,3,"Culture, society and agency","Identity, agency and self-determination"
Pacific Islands-centred perspective,2,"Culture, society and agency","Identity, agency and self-determination"
Agency,1,"Culture, society and agency","Identity, agency and self-determination"
citizenship,1,"Culture, society and agency","Identity, agency and self-determination"
cultural identity,1,"Culture, society and agency","Identity, agency and self-determination"
development as relational,1,"Culture, society and agency","Identity, agency and self-determination"
economic empowerment,1,"Culture, society and agency","Identity, agency and self-determination"
Hybridisation,1,"Culture, society and agency","Identity, agency and self-determination"
pacific resistance,1,"Culture, society and agency","Identity, agency and self-determination"
self-determination,1,"Culture, society and agency","Identity, agency and self-determination"
social visibility,1,"Culture, society and agency","Identity, agency and self-determination"
sovereign,1,"Culture, society and agency","Identity, agency and self-determination"
theory of indigenous epistemology,1,"Culture, society and agency","Identity, agency and self-determination"
social cost of labour migrations,6,"Culture, society and agency",Social change and cultural impacts
cultural impacts of labour migration,3,"Culture, society and agency",Social change and cultural impacts
social cost,2,"Culture, society and agency",Social change and cultural impacts
socio-cultural resilience,2,"Culture, society and agency",Social change and cultural impacts
Cultural resilience,1,"Culture, society and agency",Social change and cultural impacts
social change,1,"Culture, society and agency",Social change and cultural impacts
Urbanisation,1,"Culture, society and agency",Social change and cultural impacts
Governance,13,Governance and institutions,"Governance, corruption and institutions"
Weak institutions,6,Governance and institutions,"Governance, corruption and institutions"
Corruption,5,Governance and institutions,"Governance, corruption and institutions"
Crime and remittance,3,Governance and institutions,"Governance, corruption and institutions"
institutions,2,Governance and institutions,"Governance, corruption and institutions"
aid negative impact on governance,1,Governance and institutions,"Governance, corruption and institutions"
fragile states,1,Governance and institutions,"Governance, corruption and institutions"
global governance,1,Governance and institutions,"Governance, corruption and institutions"
Remittance weaken democratic institutions,1,Governance and institutions,"Governance, corruption and institutions"
remittances and corruption,1,Governance and institutions,"Governance, corruption and institutions"
state fragility,1,Governance and institutions,"Governance, corruption and institutions"
structural covariate of homicide,1,Governance and institutions,"Governance, corruption and institutions"
Policy,4,Governance and institutions,Policy and political economy
neostructuralism,1,Governance and institutions,Policy and political economy
policy reform,1,Governance and institutions,Policy and political economy
political economy,1,Governance and institutions,Policy and political economy
political leaders,1,Governance and institutions,Policy and political economy
recipient country policy-makers,1,Governance and institutions,Policy and political economy
Pacific Island Countries,91,Places and regions,Pacific
Fiji,19,Places and regions,Pacific
Tonga,18,Places and regions,Pacific
Asia-Pacific,9,Places and regions,Pacific
Vanuatu,9,Places and regions,Pacific
Oceania,7,Places and regions,Pacific
Samoa,7,Places and regions,Pacific
Micronesia,6,Places and regions,Pacific
Kiribati,5,Places and regions,Pacific
Papua New Guinea (PNG),5,Places and regions,Pacific
Solomon Islands,5,Places and regions,Pacific
Marshall Islands,4,Places and regions,Pacific
Tuvalu,4,Places and regions,Pacific
Niue,3,Places and regions,Pacific
Timor-Leste,3,Places and regions,Pacific
Cook Islands,2,Places and regions,Pacific
East Asia and Pacific (EAP),2,Places and regions,Pacific
Melanesia,2,Places and regions,Pacific
Nauru,2,Places and regions,Pacific
Pacific microeconomies,1,Places and regions,Pacific
Caribbean,40,Places and regions,Caribbean and Latin America
Jamaica,17,Places and regions,Caribbean and Latin America
Haiti,5,Places and regions,Caribbean and Latin America
latin america and caribbean (LAC),5,Places and regions,Caribbean and Latin America
CARICOM,2,Places and regions,Caribbean and Latin America
Caribbean Community and Common Market (CARICOM),1,Places and regions,Caribbean and Latin America
Cuba,1,Places and regions,Caribbean and Latin America
Latin America,1,Places and regions,Caribbean and Latin America
St. Vincent and the Grenadines,1,Places and regions,Caribbean and Latin America
Indian Ocean,4,Places and regions,Africa and Indian Ocean
Comoros,3,Places and regions,Africa and Indian Ocean
Africa,2,Places and regions,Africa and Indian Ocean
Maldives,2,Places and regions,Africa and Indian Ocean
Cape Verde,1,Places and regions,Africa and Indian Ocean
Madagascar,1,Places and regions,Africa and Indian Ocean
Mauritius,1,Places and regions,Africa and Indian Ocean
Small Island Developing States (SIDS),58,Places and regions,Small state and SIDS scope
small island territories,5,Places and regions,Small state and SIDS scope
Small island jurisdictions,4,Places and regions,Small state and SIDS scope
small states,2,Places and regions,Small state and SIDS scope
Middle-Income Countries,1,Places and regions,Small state and SIDS scope
Overseas Territories and the Commonwealth,1,Places and regions,Small state and SIDS scope
Small Developing Countries (SDCs),1,Places and regions,Small state and SIDS scope
small economies,1,Places and regions,Small state and SIDS scope
Australia,14,Places and regions,Metropolitan and donor countries
New Zealand,8,Places and regions,Metropolitan and donor countries
Japan,5,Places and regions,Metropolitan and donor countries
Mexico,1,Places and regions,Beyond the islands
Middle East,1,Places and regions,Beyond the islands
Philippines,1,Places and regions,Beyond the islands
South Asia,1,Places and regions,Beyond the islands
Interviews,8,"Methods, data and design",Qualitative and field methods
Qualitative interviews,4,"Methods, data and design",Qualitative and field methods
ethnographic research,3,"Methods, data and design",Qualitative and field methods
Focus group discussions,2,"Methods, data and design",Qualitative and field methods
Participant observation,2,"Methods, data and design",Qualitative and field methods
semi-structured interviews,2,"Methods, data and design",Qualitative and field methods
auto-ethnographic insights,1,"Methods, data and design",Qualitative and field methods
content analysis,1,"Methods, data and design",Qualitative and field methods
critical auto-ethnography,1,"Methods, data and design",Qualitative and field methods
in-depth interviews,1,"Methods, data and design",Qualitative and field methods
interview,1,"Methods, data and design",Qualitative and field methods
micro-economic study,1,"Methods, data and design",Qualitative and field methods
mixed-method approach,1,"Methods, data and design",Qualitative and field methods
Pacific ontologies method,1,"Methods, data and design",Qualitative and field methods
policy document analysis,1,"Methods, data and design",Qualitative and field methods
systematic literature review,1,"Methods, data and design",Qualitative and field methods
textual analyses,1,"Methods, data and design",Qualitative and field methods
Empirical,7,"Methods, data and design",Econometric and quantitative methods
Autoregressive distributed lag (ARDL),5,"Methods, data and design",Econometric and quantitative methods
Granger causality testing,5,"Methods, data and design",Econometric and quantitative methods
Annual panel data,4,"Methods, data and design",Econometric and quantitative methods
dynamic panel data methods,4,"Methods, data and design",Econometric and quantitative methods
two-stage least square instrumental variable estimator,3,"Methods, data and design",Econometric and quantitative methods
vector auto regression (VAR) model,3,"Methods, data and design",Econometric and quantitative methods
econometrics,2,"Methods, data and design",Econometric and quantitative methods
Generalized method of moments (GMM),2,"Methods, data and design",Econometric and quantitative methods
Impulse response analysis,2,"Methods, data and design",Econometric and quantitative methods
methods,2,"Methods, data and design",Econometric and quantitative methods
Ordinary Least Squares regression techniques,2,"Methods, data and design",Econometric and quantitative methods
panel data methodology,2,"Methods, data and design",Econometric and quantitative methods
Aid Relationships Quality Scale (ARQS),1,"Methods, data and design",Econometric and quantitative methods
autoregressive bounds,1,"Methods, data and design",Econometric and quantitative methods
Bayesian techniques,1,"Methods, data and design",Econometric and quantitative methods
Blundell-Bond Generalized Method of Moments (GMM),1,"Methods, data and design",Econometric and quantitative methods
causal relationships between latent variables,1,"Methods, data and design",Econometric and quantitative methods
choice-theoretic model,1,"Methods, data and design",Econometric and quantitative methods
Cobb-Douglas production function,1,"Methods, data and design",Econometric and quantitative methods
comparative panel data analysis,1,"Methods, data and design",Econometric and quantitative methods
Computable General Equilibrium (CGE),1,"Methods, data and design",Econometric and quantitative methods
country-fixed-effects model,1,"Methods, data and design",Econometric and quantitative methods
development economics,1,"Methods, data and design",Econometric and quantitative methods
endogeneity of the remittances with respect to labour supply,1,"Methods, data and design",Econometric and quantitative methods
Engel curve estimation,1,"Methods, data and design",Econometric and quantitative methods
Engel curve estimation using the Working (1943) approach,1,"Methods, data and design",Econometric and quantitative methods
fixed-effects model,1,"Methods, data and design",Econometric and quantitative methods
Heckman model,1,"Methods, data and design",Econometric and quantitative methods
instrumental variable Tobit (Amemiya generalized least squares),1,"Methods, data and design",Econometric and quantitative methods
Konya (2006) Bootstrap panel Granger-causality test technique,1,"Methods, data and design",Econometric and quantitative methods
Leveraging linear and flexible orthodox and machine-learning tools,1,"Methods, data and design",Econometric and quantitative methods
machine algorithms developed from a manual pilot study,1,"Methods, data and design",Econometric and quantitative methods
measuring remittances using different methodologies,1,"Methods, data and design",Econometric and quantitative methods
Multitrait-Multimethod Matrix,1,"Methods, data and design",Econometric and quantitative methods
Multivariate logistic regression analyses,1,"Methods, data and design",Econometric and quantitative methods
non-linear framework measured as share of GDP,1,"Methods, data and design",Econometric and quantitative methods
nonlinear autoregressive distributed lag (NARDL) model,1,"Methods, data and design",Econometric and quantitative methods
Ordinal logistic regression and structural equation modeling,1,"Methods, data and design",Econometric and quantitative methods
panel cointegration and Pooled Mean Group (PMG) estimation of dynamic heterogeneous panels,1,"Methods, data and design",Econometric and quantitative methods
panel cointegration tests,1,"Methods, data and design",Econometric and quantitative methods
panel corrected standard errors,1,"Methods, data and design",Econometric and quantitative methods
panel-corrected standard errors estimator,1,"Methods, data and design",Econometric and quantitative methods
Propensity Score Matching (PSM),1,"Methods, data and design",Econometric and quantitative methods
quadratic match-averaging and the bounds-testing approach,1,"Methods, data and design",Econometric and quantitative methods
quantitative cross-sectional research design,1,"Methods, data and design",Econometric and quantitative methods
quantitative multi-sector model of the world economy calibrated to aggregate and firm-level data,1,"Methods, data and design",Econometric and quantitative methods
reverse causation,1,"Methods, data and design",Econometric and quantitative methods
Robust vector error correction modelling framework,1,"Methods, data and design",Econometric and quantitative methods
scale-domain matrix and cascading effect analysis,1,"Methods, data and design",Econometric and quantitative methods
selection bias and endogeneity of remittances,1,"Methods, data and design",Econometric and quantitative methods
selectivity issues,1,"Methods, data and design",Econometric and quantitative methods
selectivity problem in measuring remittance impacts,1,"Methods, data and design",Econometric and quantitative methods
statistical analysis,1,"Methods, data and design",Econometric and quantitative methods
statistically adequate vector error correction,1,"Methods, data and design",Econometric and quantitative methods
time-varying cointegration model,1,"Methods, data and design",Econometric and quantitative methods
two-part fractional response model with instrumental variables,1,"Methods, data and design",Econometric and quantitative methods
two-sector dynamic stochastic general equilibrium model,1,"Methods, data and design",Econometric and quantitative methods
Vector error correction modelling,1,"Methods, data and design",Econometric and quantitative methods
zero-altered negative binomial (with logit inflation),1,"Methods, data and design",Econometric and quantitative methods
Household surveys,14,"Methods, data and design",Data sources
world bank data,4,"Methods, data and design",Data sources
survey,2,"Methods, data and design",Data sources
Survey on Health,2,"Methods, data and design",Data sources
Well-Being and Aging in Latin America and Caribbean (SABE),2,"Methods, data and design",Data sources
aggregate level data,1,"Methods, data and design",Data sources
Data on bilateral adaptation aid,1,"Methods, data and design",Data sources
dynamic cross-country panel dataset,1,"Methods, data and design",Data sources
historical database of ODA projects,1,"Methods, data and design",Data sources
household income and expenditure survey,1,"Methods, data and design",Data sources
Jamaican Survey of Living Conditions,1,"Methods, data and design",Data sources
large cross-country panel dataset,1,"Methods, data and design",Data sources
multi-donor dataset of individual aid projects,1,"Methods, data and design",Data sources
Project-level data from AidData,1,"Methods, data and design",Data sources
Rakuten Insight (online market research),1,"Methods, data and design",Data sources
Remittance data from employment agencies,1,"Methods, data and design",Data sources
Conceptual,11,"Methods, data and design","Conceptual, theoretical and review contributions"
background,7,"Methods, data and design","Conceptual, theoretical and review contributions"
theoretical,2,"Methods, data and design","Conceptual, theoretical and review contributions"
economic theory,1,"Methods, data and design","Conceptual, theoretical and review contributions"
literature review,1,"Methods, data and design","Conceptual, theoretical and review contributions"
theoretical economic literature,1,"Methods, data and design","Conceptual, theoretical and review contributions"
